{
    "models": [
        {
            "name": "paris",
            "alpha": 0.23162461,
            "m_0": 1.0,
            "parameters": {
                "c": [0.88688076e0, -0.34717093e0, -0.30502380e1, 0.56207766e2, -0.74957334e3, 0.53365279e4, -0.22706863e5, 0.60434469e5, -0.10292058e6, 0.11223357e6, -0.75925226e5, 0.29059715e5, 0.0],
                "d": [0.23135193e-1, -0.85604572e0, 0.56068193e1, -0.69462922e2, 0.41631118e3, -0.12546621e4, 0.12387830e4, 0.33739172e4, -0.13041151e5, 0.19512524e5, 0.0, 0.0, 0.0]
            }
        },
        {
            "name": "cdbonn",
            "alpha": 0.2315380,
            "m_0": 0.9,
            "parameters": {
                "c": [0.88472985e0, -0.26408759e0, -0.44114404e-1, -0.14397512e2, 0.85591256e2,  -0.31876761e3, 0.70336701e3, -0.90049586e3, 0.66145441e3, -0.25958894e3, 0.0],
                "d": [0.22623762e-1, -0.50471056e0, 0.56278897e0, -0.16079764e2, 0.11126803e3,  -0.44667490e3, 0.10985907e4,  -0.16114995e4, 0.0, 0.0, 0.0]
            }
        }
    ]
}
